{
  "day_of_week_encoded": 0.09614887737882616,
  "store_type_encoded": 0.04618876126555285,
  "decision_hour": 0.03167857383374399,
  "chicken_sandwich_waste_penalty": 0.030608299681959494,
  "chicken_sandwich_forecast_demand": 0.024480899533347568,
  "chicken_sandwich_v1_score": 0.024276587241892238,
  "is_weekend": 0.023406862437370196,
  "chicken_sandwich_cooked_qty": 0.021940052073721773,
  "chicken_sandwich_demand_density": 0.021296725390647107,
  "garlic_knot_waste_penalty": 0.019603933105505216,
  "breakfast_sandwich_forecast_demand": 0.019423053527940208,
  "breakfast_sandwich_waste_penalty": 0.01841613807432037,
  "breakfast_sandwich_cooked_qty": 0.01712129497368802,
  "garlic_knot_demand_density": 0.016943425782013997,
  "breakfast_sandwich_demand_density": 0.016510841034978265,
  "breakfast_sandwich_v1_score": 0.01624220341786232,
  "garlic_knot_v1_score": 0.01559086439636052,
  "garlic_knot_cooked_qty": 0.01521711134119923,
  "croissant_cooked_qty": 0.014614027053093358,
  "croissant_demand_density": 0.014373278869525729,
  "croissant_forecast_demand": 0.012877022052188596,
  "empanada_cooked_qty": 0.012379700485934814,
  "garlic_knot_forecast_demand": 0.012095501220276788,
  "hash_brown_waste_penalty": 0.011697105401311208,
  "empanada_demand_density": 0.010863686769360854,
  "hash_brown_forecast_demand": 0.01037229116212166,
  "hash_brown_cooked_qty": 0.009956749498342524,
  "empanada_waste_penalty": 0.009939332787105173,
  "jamaican_patty_v1_score": 0.009891665419014256,
  "jamaican_patty_cooked_qty": 0.009845916359746016,
  "empanada_forecast_demand": 0.00963117281890452,
  "empanada_v1_score": 0.009627580528041413,
  "kolache_waste_penalty": 0.009444888887500887,
  "jamaican_patty_waste_penalty": 0.009193284934817346,
  "hash_brown_demand_density": 0.00891026646007606,
  "taquito_demand_density": 0.008359154126649835,
  "hash_brown_v1_score": 0.008228772959481724,
  "chicken_strip_waste_penalty": 0.007934632272730315,
  "sausage_demand_density": 0.007631429942661921,
  "jamaican_patty_demand_density": 0.007589573323481419,
  "taquito_forecast_demand": 0.0075882712838535385,
  "hot_dog_demand_density": 0.007568124570881227,
  "taquito_v1_score": 0.007287476069810397,
  "sausage_forecast_demand": 0.007214487359934106,
  "taquito_cooked_qty": 0.007163875575964582,
  "hot_dog_forecast_demand": 0.00712071852072315,
  "jamaican_patty_forecast_demand": 0.007054055460670387,
  "croissant_v1_score": 0.006969301284454095,
  "hot_dog_cooked_qty": 0.006921575826936828,
  "kolache_v1_score": 0.006866533206604572,
  "buffalo_roller_forecast_demand": 0.006768766767234215,
  "sausage_waste_penalty": 0.006402175375379409,
  "kolache_forecast_demand": 0.00633894335429203,
  "chicken_strip_forecast_demand": 0.006291238679566045,
  "kolache_demand_density": 0.006106964846894177,
  "kolache_cooked_qty": 0.006058083787715525,
  "buffalo_roller_demand_density": 0.006031021269987354,
  "hot_dog_v1_score": 0.006030819102164459,
  "sausage_v1_score": 0.005837359183989429,
  "buffalo_roller_v1_score": 0.005412718014902111,
  "chicken_strip_demand_density": 0.005408809652310091,
  "chicken_strip_v1_score": 0.0052764052812396605,
  "sausage_cooked_qty": 0.005221046317315768,
  "corn_dog_forecast_demand": 0.004815913902652814,
  "chimichanga_cooked_qty": 0.004782101384834067,
  "buffalo_roller_cooked_qty": 0.004637648708524939,
  "chicken_strip_cooked_qty": 0.0045083684546021975,
  "corn_dog_v1_score": 0.0044199307041505155,
  "hot_dog_waste_penalty": 0.00439876042257588,
  "corn_dog_demand_density": 0.004361711485520277,
  "taquito_waste_penalty": 0.004342030328928335,
  "croissant_waste_penalty": 0.004041607927256445,
  "danish_cooked_qty": 0.0039131938523909926,
  "chimichanga_waste_penalty": 0.0036780509010840294,
  "chimichanga_forecast_demand": 0.0036023479164247504,
  "demand_spread": 0.003587866958519211,
  "buffalo_roller_waste_penalty": 0.003371562298561675,
  "pizza_stuffed_waste_penalty": 0.0032364436291483886,
  "wings_bone_in_v1_score": 0.0032267351413345965,
  "chimichanga_demand_density": 0.003151609135162196,
  "corn_dog_cooked_qty": 0.003146581809242917,
  "wings_bone_in_forecast_demand": 0.003029259629512174,
  "pizza_stuffed_v1_score": 0.0030116772810530766,
  "pizza_stuffed_demand_density": 0.0029747913816660617,
  "chimichanga_v1_score": 0.002942407231360548,
  "corn_dog_waste_penalty": 0.002901972115150309,
  "pizza_stuffed_forecast_demand": 0.0027686721387601026,
  "wings_bone_in_cooked_qty": 0.002763780980794433,
  "jamaican_turnover_cooked_qty": 0.0025999764344581,
  "danish_forecast_demand": 0.0025380003859699937,
  "wings_bone_in_waste_penalty": 0.0024615313321917054,
  "danish_demand_density": 0.002443157734935419,
  "wings_bone_in_demand_density": 0.002440479565674681,
  "pizza_stuffed_cooked_qty": 0.00239931957357565,
  "danish_v1_score": 0.0022172795324307093,
  "jamaican_turnover_demand_density": 0.002141352509455902,
  "jamaican_turnover_v1_score": 0.0016475963349119672,
  "sweet_croissant_demand_density": 0.0013615973120119302,
  "max_demand": 0.0011991170173169387,
  "jamaican_turnover_forecast_demand": 0.0011814662378223672,
  "danish_hold_time": 0.0011176016238776888,
  "beef_mini_taco_waste_penalty": 0.0010316886831541268,
  "taquito_hold_time": 0.0009489374833914888,
  "sweet_croissant_hold_time": 0.0009101788498415783,
  "sweet_croissant_forecast_demand": 0.00085221093923455,
  "wings_boneless_cooked_qty": 0.0008296310627511772,
  "wings_boneless_forecast_demand": 0.0007652619603632355,
  "jamaican_turnover_waste_penalty": 0.000741750332986181,
  "danish_waste_penalty": 0.0007285846247145516,
  "wings_boneless_demand_density": 0.000696308525964931,
  "wings_boneless_waste_penalty": 0.000694380101694491,
  "danish_time_remaining": 0.000668778966236485,
  "hot_dog_urgency": 0.0006673080524077538,
  "corn_dog_present": 0.000664616464619218,
  "sweet_croissant_present": 0.0006609681205939307,
  "sweet_croissant_waste_penalty": 0.0006418010046770012,
  "hot_dog_hold_time": 0.0006329674686579679,
  "pupusa_waste_penalty": 0.0006228786113779617,
  "danish_urgency": 0.000620485545979814,
  "buffalo_roller_present": 0.0006203572349197585,
  "danish_lcu": 0.0005707148247343463,
  "buffalo_roller_hold_time": 0.000560051637917032,
  "sweet_croissant_v1_score": 0.0005510607089235904,
  "wings_boneless_v1_score": 0.0005109321476642275,
  "pupusa_v1_score": 0.0005059745416310063,
  "hot_dog_time_remaining": 0.0004949298212295275,
  "beef_mini_taco_urgency": 0.0004939787819960859,
  "buffalo_roller_lcu": 0.00046318341839820236,
  "sweet_croissant_time_remaining": 0.00046298910561310596,
  "beef_mini_taco_forecast_demand": 0.0004566462169167704,
  "taquito_present": 0.0004523036767114667,
  "beef_mini_taco_present": 0.0004466795117760015,
  "beef_mini_taco_v1_score": 0.00042905096418121723,
  "taquito_lcu": 0.00042097792740949225,
  "waffle_tot_demand_density": 0.0004199552928091202,
  "hot_dog_present": 0.00041152067697825304,
  "urgency_spread": 0.00040562356358600564,
  "taquito_time_remaining": 0.0003958426799673035,
  "corn_dog_hold_time": 0.000393053018019327,
  "croissant_time_remaining": 0.00039164877673837845,
  "sausage_present": 0.00038878420674036537,
  "sausage_hold_time": 0.00038242704620187096,
  "buffalo_roller_urgency": 0.0003727691079191015,
  "sausage_lcu": 0.00036351341730412223,
  "croissant_urgency": 0.00035731901299673903,
  "pizza_slice_v1_score": 0.0003565609243450548,
  "sausage_time_remaining": 0.0003562327625791698,
  "buffalo_roller_time_remaining": 0.00035429457152488407,
  "sweet_croissant_urgency": 0.00034563586754724135,
  "corn_dog_lcu": 0.0003304188041754435,
  "sweet_croissant_cooked_qty": 0.0003197344998561013,
  "taquito_urgency": 0.0003121328651326785,
  "beef_mini_taco_lcu": 0.0003078624489511467,
  "pizza_slice_waste_penalty": 0.0002900972277466774,
  "waffle_tot_v1_score": 0.00028778947368214813,
  "beef_mini_taco_time_remaining": 0.0002826020749580674,