{
  "baked_goods_v1_score": 0.07545947473884597,
  "baked_goods_cooked_qty": 0.07387802701274315,
  "baked_goods_forecast_demand": 0.0738014138355359,
  "demand_spread": 0.07083030821990756,
  "baked_goods_demand_density": 0.06141520215307856,
  "store_type_encoded": 0.04232738083835274,
  "wings_4h_v1_score": 0.04091798301837693,
  "day_of_week_encoded": 0.039793180956630925,
  "wings_4h_forecast_demand": 0.038655291769325084,
  "wings_4h_cooked_qty": 0.032095276201700364,
  "num_oven_items": 0.03156030852796243,
  "decision_hour": 0.02917441819614598,
  "baked_goods_waste_penalty": 0.02757818262853681,
  "baked_goods_urgency": 0.026757199770879855,
  "baked_goods_time_remaining": 0.026258317608997342,
  "wings_4h_demand_density": 0.026159333406157715,
  "urgency_spread": 0.02478925643562219,
  "baked_goods_present": 0.02389273764939577,
  "baked_goods_hold_time": 0.022785024165029855,
  "max_demand": 0.022441825025824924,
  "is_weekend": 0.018023583985357,
  "wings_2h_v1_score": 0.01757065728719626,
  "wings_2h_forecast_demand": 0.01565424229987417,
  "wings_2h_cooked_qty": 0.014925703248443839,
  "wings_2h_demand_density": 0.014664341662423842,
  "wings_4h_waste_penalty": 0.01459512040556032,
  "pizza_cooked_qty": 0.01271265349410488,
  "baked_goods_lcu": 0.012572983829466769,
  "pizza_demand_density": 0.012364175080415643,
  "wings_2h_waste_penalty": 0.011659693544762165,
  "pizza_forecast_demand": 0.0116330730668715,
  "pizza_v1_score": 0.011615515687085085,
  "pizza_waste_penalty": 0.011162293755651986,
  "wings_4h_time_remaining": 0.0027315726487551657,
  "wings_4h_present": 0.0025805549785510922,
  "wings_4h_urgency": 0.002323215769713414,
  "wings_4h_hold_time": 0.0013814954691454351,
  "wings_4h_lcu": 0.0012589816275714056,
  "pizza_present": 0.0,
  "pizza_lcu": 0.0,
  "pizza_hold_time": 0.0,
  "pizza_time_remaining": 0.0,
  "wings_2h_present": 0.0,
  "wings_2h_lcu": 0.0,
  "wings_2h_hold_time": 0.0,
  "wings_2h_time_remaining": 0.0,
  "pizza_urgency": 0.0,
  "wings_2h_urgency": 0.0,
  "min_time_remaining": 0.0
}