{
  "model_type": "pairwise_gradient_boosting",
  "cross_validation": {
    "cv_folds": 5,
    "scores": [
      0.7949,
      0.7941,
      0.796,
      0.795,
      0.7949
    ],
    "mean_accuracy": 79.5,
    "std_accuracy": 0.1
  },
  "training_set": {
    "n_samples": 539991,
    "n_features": 36,
    "label_distribution": {
      "1": 373884,
      "0": 166107
    }
  },
  "training_accuracy": 79.6,
  "feature_importance_top10": {
    "diff_demand_density": 0.5511247247669814,
    "diff_urgency": 0.19687854608695782,
    "diff_hold_time": 0.05071563670202482,
    "diff_time_remaining": 0.048400285215873716,
    "a_demand": 0.026297419646219164,
    "diff_demand": 0.019731847220266097,
    "a_cooked_qty": 0.018901483615564253,
    "b_cooked_qty": 0.018425745290859958,
    "b_demand": 0.013736078996052748,
    "day_of_week": 0.010471292144086328
  },
  "ranking_accuracy": {
    "ranking_top1_accuracy": 77.1,
    "total_evaluated": 2164
  }
}