{
  "model_type": "pairwise_gradient_boosting",
  "cross_validation": {
    "cv_folds": 5,
    "scores": [
      0.7949,
      0.7942,
      0.7961,
      0.795,
      0.7948
    ],
    "mean_accuracy": 79.5,
    "std_accuracy": 0.1
  },
  "training_set": {
    "n_samples": 539991,
    "n_features": 36,
    "label_distribution": {
      "1": 373884,
      "0": 166107
    }
  },
  "training_accuracy": 79.6,
  "feature_importance_top10": {
    "diff_demand_density": 0.5511369184366501,
    "diff_urgency": 0.19687550256682695,
    "diff_hold_time": 0.050699264587141794,
    "diff_time_remaining": 0.04840046673869533,
    "a_demand": 0.026318471859129486,
    "diff_demand": 0.019732149411520218,
    "a_cooked_qty": 0.018885588188116524,
    "b_cooked_qty": 0.018504523648927598,
    "b_demand": 0.013646121393829936,
    "day_of_week": 0.01038926834277128
  },
  "ranking_accuracy": {
    "ranking_top1_accuracy": 77.1,
    "total_evaluated": 2164
  }
}