{
  "cross_validation": {
    "cv_folds": 5,
    "scores": [
      0.6374,
      0.6212,
      0.6813,
      0.6513,
      0.6181
    ],
    "mean_accuracy": 64.2,
    "std_accuracy": 2.3
  },
  "training_set": {
    "n_samples": 2164,
    "n_features": 289,
    "class_distribution": {
      "chicken_sandwich": 945,
      "wings_bone_in": 451,
      "breakfast_sandwich": 347,
      "wings_boneless": 218,
      "chicken_strip": 110,
      "chicken_bite": 40,
      "quesadilla": 13,
      "croissant": 10,
      "garlic_knot": 9,
      "hash_brown": 6,
      "jamaican_patty": 5,
      "empanada": 5,
      "potato_wedge": 3,
      "chimichanga": 2
    }
  },
  "classification_report": {
    "breakfast_sandwich": {
      "precision": 0.900804289544236,
      "recall": 0.968299711815562,
      "f1-score": 0.9333333333333333,
      "support": 347.0
    },
    "chicken_bite": {
      "precision": 0.14960629921259844,
      "recall": 0.475,
      "f1-score": 0.2275449101796407,
      "support": 40.0
    },
    "chicken_sandwich": {
      "precision": 0.9845644983461963,
      "recall": 0.944973544973545,
      "f1-score": 0.9643628509719222,
      "support": 945.0
    },
    "chicken_strip": {
      "precision": 0.33146067415730335,
      "recall": 0.5363636363636364,
      "f1-score": 0.4097222222222222,
      "support": 110.0
    },
    "chimichanga": {
      "precision": 0.5,
      "recall": 1.0,
      "f1-score": 0.6666666666666666,
      "support": 2.0
    },
    "croissant": {
      "precision": 0.9090909090909091,
      "recall": 1.0,
      "f1-score": 0.9523809523809523,
      "support": 10.0
    },
    "empanada": {
      "precision": 1.0,
      "recall": 1.0,
      "f1-score": 1.0,
      "support": 5.0
    },
    "garlic_knot": {
      "precision": 0.75,
      "recall": 1.0,
      "f1-score": 0.8571428571428571,
      "support": 9.0
    },
    "hash_brown": {
      "precision": 0.8571428571428571,
      "recall": 1.0,
      "f1-score": 0.9230769230769231,
      "support": 6.0
    },
    "jamaican_patty": {
      "precision": 1.0,
      "recall": 1.0,
      "f1-score": 1.0,
      "support": 5.0
    },
    "potato_wedge": {
      "precision": 0.10344827586206896,
      "recall": 1.0,
      "f1-score": 0.1875,
      "support": 3.0
    },
    "quesadilla": {
      "precision": 0.09836065573770492,
      "recall": 0.9230769230769231,
      "f1-score": 0.17777777777777778,
      "support": 13.0
    },
    "wings_bone_in": {
      "precision": 0.7064676616915423,
      "recall": 0.3148558758314856,
      "f1-score": 0.43558282208588955,
      "support": 451.0
    },
    "wings_boneless": {
      "precision": 0.44808743169398907,
      "recall": 0.3761467889908257,
      "f1-score": 0.4089775561097257,
      "support": 218.0
    },
    "macro avg": {
      "precision": 0.6242166823199574,
      "recall": 0.8241940343608556,
      "f1-score": 0.6531477765677078,
      "support": 2164.0
    },
    "weighted avg": {
      "precision": 0.8018993718359199,
      "recall": 0.7315157116451017,
      "f1-score": 0.7448933747229303,
      "support": 2164.0
    }
  },
  "accuracy": 73.2,
  "feature_importance_top10": {
    "day_of_week_encoded": 0.09614887737882616,
    "store_type_encoded": 0.04618876126555285,
    "decision_hour": 0.03167857383374399,
    "chicken_sandwich_waste_penalty": 0.030608299681959494,
    "chicken_sandwich_forecast_demand": 0.024480899533347568,
    "chicken_sandwich_v1_score": 0.024276587241892238,
    "is_weekend": 0.023406862437370196,
    "chicken_sandwich_cooked_qty": 0.021940052073721773,
    "chicken_sandwich_demand_density": 0.021296725390647107,
    "garlic_knot_waste_penalty": 0.019603933105505216
  },
  "confusion_matrix": {
    "labels": [
      "breakfast_sandwich",
      "chicken_bite",
      "chicken_sandwich",
      "chicken_strip",
      "chimichanga",
      "croissant",
      "empanada",
      "garlic_knot",
      "hash_brown",
      "jamaican_patty",
      "potato_wedge",
      "quesadilla",
      "wings_bone_in",
      "wings_boneless"
    ],
    "matrix": [
      [
        336,
        0,
        0,
        0,
        0,
        1,
        0,
        0,
        1,
        0,
        0,
        6,
        3,
        0
      ],
      [
        3,
        19,
        0,
        2,
        0,
        0,
        0,
        0,
        0,
        0,
        2,
        5,
        4,
        5
      ],
      [
        7,
        3,
        893,
        18,
        2,
        0,
        0,
        3,
        0,
        0,
        4,
        7,
        6,
        2
      ],
      [
        1,
        9,
        1,
        59,
        0,
        0,
        0,
        0,
        0,
        0,
        1,
        11,
        11,
        17
      ],
      [
        0,
        0,
        0,
        0,
        2,
        0,
        0,
        0,
        0,
        0,
        0,
        0,
        0,
        0
      ],
      [
        0,
        0,
        0,
        0,
        0,
        10,
        0,
        0,
        0,
        0,
        0,
        0,
        0,
        0
      ],
      [
        0,
        0,
        0,
        0,
        0,
        0,
        5,
        0,
        0,
        0,
        0,
        0,
        0,
        0
      ],
      [
        0,
        0,
        0,
        0,
        0,
        0,
        0,
        9,
        0,
        0,
        0,
        0,
        0,
        0
      ],
      [
        0,
        0,
        0,
        0,
        0,
        0,
        0,
        0,
        6,
        0,
        0,
        0,
        0,
        0
      ],
      [
        0,
        0,
        0,
        0,
        0,
        0,
        0,
        0,
        0,
        5,
        0,
        0,
        0,
        0
      ],
      [
        0,
        0,
        0,
        0,
        0,
        0,
        0,
        0,
        0,
        0,
        3,
        0,
        0,
        0
      ],
      [
        0,
        0,
        0,
        0,
        0,
        0,
        0,
        0,
        0,
        0,
        1,
        12,
        0,
        0
      ],
      [
        21,
        67,
        11,
        71,
        0,
        0,
        0,
        0,
        0,
        0,
        11,
        51,
        142,
        77
      ],
      [
        5,
        29,
        2,
        28,
        0,
        0,
        0,
        0,
        0,
        0,
        7,
        30,
        35,
        82
      ]
    ]
  }
}