{
  "cross_validation": {
    "cv_folds": 5,
    "scores": [
      0.7348,
      0.718,
      0.6863,
      0.6685,
      0.7068
    ],
    "mean_accuracy": 70.3,
    "std_accuracy": 2.3
  },
  "training_set": {
    "n_samples": 5355,
    "n_features": 49,
    "class_distribution": {
      "pizza": 3209,
      "wings_2h": 1859,
      "baked_goods": 286,
      "wings_4h": 1
    }
  },
  "classification_report": {
    "baked_goods": {
      "precision": 0.8554216867469879,
      "recall": 0.993006993006993,
      "f1-score": 0.919093851132686,
      "support": 286.0
    },
    "pizza": {
      "precision": 0.8173794976238968,
      "recall": 0.7503895294484263,
      "f1-score": 0.7824532900081235,
      "support": 3209.0
    },
    "wings_2h": {
      "precision": 0.6258470474346564,
      "recall": 0.6955352339967724,
      "f1-score": 0.6588535031847134,
      "support": 1859.0
    },
    "wings_4h": {
      "precision": 0.09090909090909091,
      "recall": 1.0,
      "f1-score": 0.16666666666666666,
      "support": 1.0
    },
    "macro avg": {
      "precision": 0.597389330678658,
      "recall": 0.8597329391130479,
      "f1-score": 0.6317668277480474,
      "support": 5355.0
    },
    "weighted avg": {
      "precision": 0.7527846835773406,
      "recall": 0.7443510737628385,
      "f1-score": 0.746728063146044,
      "support": 5355.0
    }
  },
  "accuracy": 74.4,
  "feature_importance_top10": {
    "baked_goods_v1_score": 0.07545947473884597,
    "baked_goods_cooked_qty": 0.07387802701274315,
    "baked_goods_forecast_demand": 0.0738014138355359,
    "demand_spread": 0.07083030821990756,
    "baked_goods_demand_density": 0.06141520215307856,
    "store_type_encoded": 0.04232738083835274,
    "wings_4h_v1_score": 0.04091798301837693,
    "day_of_week_encoded": 0.039793180956630925,
    "wings_4h_forecast_demand": 0.038655291769325084,
    "wings_4h_cooked_qty": 0.032095276201700364
  },
  "confusion_matrix": {
    "labels": [
      "baked_goods",
      "pizza",
      "wings_2h",
      "wings_4h"
    ],
    "matrix": [
      [
        284,
        1,
        1,
        0
      ],
      [
        26,
        2408,
        772,
        3
      ],
      [
        22,
        537,
        1293,
        7
      ],
      [
        0,
        0,
        0,
        1
      ]
    ]
  }
}